"","varVec2.i.","diff.gbm.ex4","diff.gbm.ex5","diff.gbm.ex6","diff.rf.ex4","diff.rf.ex5","diff.rf.ex6"
"1","SHANGHAI_PM2.5",-7.03139309264565,-2.20499326125959,-0.631654955569256,-5.11454835059496,-3.110339284452,-1.11532656740741
"2","SHANGHAI_PM2.5_STD",-0.616480099282154,-0.730623385077634,-0.152759676066071,-0.512511043458887,-0.166028940600959,-0.00347911746956351
