"","varVec3.i.","diff.gbm.ex5","diff.rf.ex5"
"1","BEIJING_AQI",-3.35006555885942,-2.10152937014167
"2","TIANJIN_AQI",-1.38302142948823,-0.194719091148556
