"","varVec3.i.","diff.gbm.ex5","diff.rf.ex5"
"1","BEIJING_AQI",0.759240902299791,0.651024991031659
"2","TIANJIN_AQI",0.418517564635335,0.616916074623358
