"","varVec2.i.","diff.gbm.ex4","diff.gbm.ex5","diff.gbm.ex6","diff.rf.ex4","diff.rf.ex5","diff.rf.ex6"
"1","SHANGHAI_PM2.5",-1.65204235964507,-1.01041250037041,-0.284838190725494,-1.10505356410242,-0.649208099150949,-0.0227244936486961
"2","SHANGHAI_PM2.5_STD",-0.175430731242412,-0.176227851551952,-0.0291562549610823,-0.114757686316059,-0.0769322310465775,-0.019314676433257
