"","varVec3.i.","diff.gbm.ex5","diff.rf.ex5"
"1","BEIJING_AQI",-0.914541617814403,-0.576571315800131
"2","TIANJIN_AQI",-0.340535579279022,0.0417457773872789
