"","varVec3.i.","diff.gbm.ex5","diff.rf.ex5"
"1","BEIJING_AQI",1.3015873919043,0.990375240342794
"2","TIANJIN_AQI",1.0894516844438,1.62229918311463
