"","varVec2.i.","diff.gbm.ex4","diff.gbm.ex5","diff.gbm.ex6","diff.rf.ex4","diff.rf.ex5","diff.rf.ex6"
"1","SHANGHAI_PM2.5",0.856845249754268,1.56114094758431,-0.124253627445084,-0.407015626944316,2.07381820948958,1.62041095182487
"2","SHANGHAI_PM2.5_STD",-0.52287139710718,0.854858812969514,-0.298856070096291,-1.08662011184501,1.48206791430454,1.70148029511465
