"","varVec3.i.","diff.gbm.ex5","diff.rf.ex5"
"1","BEIJING_AQI",-0.210634433554018,0.668186844008476
"2","TIANJIN_AQI",0.367449367560564,1.29424512312439
