"","varVec3.i.","diff.gbm.ex5","diff.rf.ex5"
"1","BEIJING_AQI",-2.66346043715727,-0.875863329832753
"2","TIANJIN_AQI",-0.682442345137781,1.05481976953475
