"","varVec3.i.","diff.gbm.ex5","diff.rf.ex5"
"1","BEIJING_AQI",2.02123804807932,2.25475120590962
"2","TIANJIN_AQI",1.80759531980106,2.89458668919614
