"","varVec3.i.","diff.gbm.ex5","diff.rf.ex5"
"1","BEIJING_AQI",1.47503870663738,1.91115237055138
"2","TIANJIN_AQI",1.13189485632512,1.87661641845759
