"","lm","dt","rf","bag","gbm1"
"MSE.ex1",206.009558856452,262.929031026378,121.264325224444,239.030934125859,114.098249239619
"MSE.ex2",88.1619374477842,107.339502113714,52.4403497933512,100.496088692846,43.9219231543884
"MSE.ex3",65.3667908273584,101.390780216864,38.323625846652,86.5839803916953,27.7403269937828
"MSE.ex4",50.1031044404239,78.8112343788441,35.0523203148158,73.9216453007425,20.7588217611226
"MSE.ex5",57.159581305068,74.2708833611257,32.490483842137,66.9052343013119,27.3515888275223
"MSE.ex6",42.631569122955,126.702371187652,30.9710357373981,173.227613798712,38.3856995717982
